,train_loss,train_acc,val_loss,val_acc,test_loss,test_acc,macro_f1,roc_auc,top3,top5,ece,brier,sens_acute,npv_acute
Fold 1,0.149249,0.997664,0.391140,0.947095,0.397624,0.936100,0.898866,0.998379,0.990041,0.992531,0.041354,0.102514,0.974632,0.999299
Fold 2,0.144300,0.997405,0.393192,0.948079,0.378106,0.929461,0.889888,0.997250,0.980913,0.990041,0.021684,0.099566,0.975244,0.999351
Fold 3,0.145712,0.998443,0.346362,0.956386,0.383490,0.933610,0.901162,0.997214,0.983402,0.996680,0.031002,0.101694,0.968273,0.999099
Fold 4,0.118545,0.998443,0.292908,0.964694,0.401655,0.953527,0.929340,0.996570,0.990871,0.995021,0.036724,0.082139,0.982058,0.999499
Fold 5,0.148623,0.997664,0.325386,0.957425,0.366068,0.942739,0.912217,0.997888,0.987552,0.995021,0.033958,0.093187,0.973610,0.999301
